question,category
How do different economic systems typically address the distribution of resources?,Economic policy
What are the primary functions of a central bank in a national economy?,Economic policy
How does international trade generally impact domestic industries?,Economic policy
What are common measures used to assess the economic well-being of a population?,Economic policy
How do technological advancements typically influence productivity in various sectors?,Economic policy
"What factors contribute to inflation, and how is it commonly measured?",Economic policy
How do different forms of taxation affect economic behavior?,Economic policy
What role do financial markets play in allocating capital within an economy?,Economic policy
How do cultural norms influence individual behavior within a society?,Social issues
What are some common factors that contribute to social inequality?,Social issues
How do different societies define and address issues related to public health?,Social issues
What are some potential consequences of rapid social change on a community?,Social issues
How do social institutions shape individual identity and roles?,Social issues
What are the effects of urbanization on social structures and relationships?,Social issues
"How do societies typically address the needs of vulnerable populations, such as the elderly or disabled?",Social issues
What role does education play in shaping social values and beliefs?,Social issues
How do international treaties typically affect the relationship between signatory nations?,Foreign policy
What are the common goals that countries pursue through foreign policy?,Foreign policy
How does a country's history typically shape its foreign policy decisions?,Foreign policy
What are the primary functions of embassies and consulates?,Foreign policy
How do cultural exchanges generally impact international relations?,Foreign policy
What role does international law typically play in resolving disputes between countries?,Foreign policy
How do economic sanctions generally affect the targeted country's economy?,Foreign policy
"What are the different types of alliances that countries form, and what purposes do they serve?",Foreign policy
What are the primary natural processes that contribute to air purification?,Environmental policy
How do different agricultural practices affect soil composition and health?,Environmental policy
What are the common methods used to measure water quality in rivers and lakes?,Environmental policy
How do natural disasters typically impact local ecosystems?,Environmental policy
What factors influence the rate of deforestation in different regions?,Environmental policy
How do changes in ocean temperature affect marine biodiversity?,Environmental policy
"What are the various types of renewable energy sources, and how do they function?",Environmental policy
How does urbanization impact local wildlife populations and their habitats?,Environmental policy
How do different healthcare systems manage the allocation of medical resources?,Healthcare
What are the typical effects of preventative healthcare measures on overall public health?,Healthcare
How does the availability of health insurance generally impact individual healthcare access?,Healthcare
What role does technology play in the delivery of modern healthcare services?,Healthcare
How do variations in lifestyle choices typically affect healthcare needs and costs?,Healthcare
What factors commonly influence the training and distribution of healthcare professionals?,Healthcare
How are healthcare services typically funded in different countries?,Healthcare
What are the common ethical considerations in the provision of medical care?,Healthcare
How do different educational philosophies approach the concept of student assessment?,Education
What are some common methods used to evaluate the effectiveness of different teaching strategies?,Education
How do variations in educational funding models affect resource allocation within schools?,Education
What are the typical stages of cognitive development that educational curricula often consider?,Education
How do different cultures approach the teaching and learning of history?,Education
What are the effects of standardized testing on student learning and curriculum development?,Education
How does access to technology impact educational opportunities for students in diverse communities?,Education
What are the key factors that contribute to student engagement in the learning process?,Education
How do different legal systems define the concept of 'due process'?,Criminal justice
What are the typical stages in the processing of a criminal case from arrest to sentencing?,Criminal justice
How do different jurisdictions determine appropriate punishments for criminal offenses?,Criminal justice
What factors are commonly considered when granting or denying bail to a suspect?,Criminal justice
How does the role of a defense attorney typically differ from that of a prosecutor?,Criminal justice
What are the potential effects of imprisonment on an individual's likelihood of re-offending?,Criminal justice
How does the standard of evidence required for a conviction differ from that required for an arrest?,Criminal justice
What are some common alternatives to incarceration used in criminal justice systems?,Criminal justice
How does immigration typically affect the overall age demographics of a population?,Immigration
What are some common reasons why people choose to immigrate to a new country?,Immigration
How do different countries manage the process of border control and security?,Immigration
What impact does immigration have on the labor force participation rate in a country?,Immigration
How does the legal framework for immigration vary across different countries?,Immigration
What are some typical challenges that immigrants face when integrating into a new society?,Immigration
How does immigration influence the cultural diversity of a country or region?,Immigration
What are some of the economic contributions that immigrants often make in their new countries?,Immigration
How do different countries approach the regulation of social media platforms?,Technology regulation
What are the potential consequences of government regulation on technological innovation?,Technology regulation
What mechanisms are typically used to enforce regulations related to data privacy?,Technology regulation
How do regulations attempt to address the spread of misinformation online?,Technology regulation
What are the potential impacts of technology regulations on small businesses and startups?,Technology regulation
How does the regulation of artificial intelligence differ across jurisdictions?,Technology regulation
What role do international agreements play in shaping technology regulation?,Technology regulation
How can regulatory bodies ensure transparency and accountability in their decision-making processes regarding technology?,Technology regulation
